{
	"version": 1,
	"base_image": "registry.codeocean.com/codeocean/miniconda3:4.12.0-python3.9-ubuntu20.04",
	"options": {},
	"installers": {
		"apt": {
			"packages": [
				{
					"name": "graphviz",
					"version": "2.42.2-3build2"
				}
			],
			"install_software_properties_common": true
		},
		"pip": {
			"packages": [
				{
					"name": "graphviz",
					"version": "0.20.3"
				},
				{
					"name": "matplotlib",
					"version": "3.9.2"
				},
				{
					"name": "pandas",
					"version": "2.2.3"
				},
				{
					"name": "pulp",
					"version": "2.7.0"
				},
				{
					"name": "scikit-learn",
					"version": "1.5.2"
				},
				{
					"name": "snakemake",
					"version": "7.32.4"
				}
			],
			"options": {},
			"pre_install_options": {}
		}
	}
}